Classifier,recall
Random_Forest,0.21260583254938853
XGBoost,0.7648165569143932
SVM,0.8254938852304797
AdaBoost,0.2991533396048918
LR,0.8142050799623707
