Classifier,f1
Random_Forest,0.3133448873483536
XGBoost,0.46818312697955666
SVM,0.4382569609189662
AdaBoost,0.394663357120695
LR,0.43961904761904763
